instance_index,feature_name,percentage_changed,num_changed,num_total,original_value,feature_type,average_change,min_change,max_change,std_change,distribution,unique_values
0,amount,100.0,10,10,3394.0,numeric,117.4,-52.0,223.0,105.3349,,
0,credit_history,50.0,5,10,5.0,numeric,-2.2,-3.0,-2.0,0.4,,
0,duration,100.0,10,10,42.0,numeric,-21.3,-36.0,-6.0,10.0802,,
0,employment_duration,100.0,10,10,1.0,numeric,3.0,1.0,4.0,1.0954,,
0,foreign_worker,0.0,0,10,1.0,categorical,,,,,{},
0,housing,40.0,4,10,2.0,numeric,-1.0,-1.0,-1.0,0.0,,
0,installment_rate,60.0,6,10,4.0,numeric,-2.1667,-3.0,-1.0,0.6872,,
0,job,100.0,10,10,1.0,numeric,2.0,1.0,3.0,0.6325,,
0,number_credits,80.0,8,10,2.0,numeric,-0.75,-1.0,1.0,0.6614,,
0,other_debtors,90.0,9,10,2.0,numeric,-0.7778,-1.0,1.0,0.6285,,
0,other_installment_plans,10.0,1,10,3.0,numeric,-1.0,-1.0,-1.0,0.0,,
0,people_liable,20.0,2,10,1.0,numeric,1.0,1.0,1.0,0.0,,
0,present_residence,60.0,6,10,4.0,numeric,-1.8333,-3.0,-1.0,0.6872,,
0,property,40.0,4,10,3.0,numeric,-0.5,-1.0,1.0,0.866,,
0,purpose,100.0,10,10,6.0,numeric,-2.6,-5.0,1.0,1.4283,,
0,savings,50.0,5,10,1.0,numeric,3.8,3.0,4.0,0.4,,
0,status,90.0,9,10,1.0,numeric,2.1111,1.0,3.0,0.8749,,
0,telephone,50.0,5,10,1.0,numeric,1.0,1.0,1.0,0.0,,
1,amount,100.0,10,10,1108.0,numeric,21.7,-101.0,101.0,53.4491,,
1,credit_history,100.0,10,10,1.0,numeric,2.3,2.0,4.0,0.6403,,
1,duration,50.0,5,10,12.0,numeric,0.4,-6.0,9.0,5.9532,,
1,employment_duration,100.0,10,10,4.0,numeric,-0.5,-3.0,1.0,1.3601,,
1,foreign_worker,0.0,0,10,1.0,categorical,,,,,{},
1,housing,40.0,4,10,2.0,numeric,-0.5,-1.0,1.0,0.866,,
1,installment_rate,50.0,5,10,4.0,numeric,-1.6,-2.0,-1.0,0.4899,,
1,job,50.0,5,10,3.0,numeric,0.2,-1.0,1.0,0.9798,,
1,number_credits,70.0,7,10,2.0,numeric,-1.0,-1.0,-1.0,0.0,,
1,other_debtors,20.0,2,10,1.0,numeric,2.0,2.0,2.0,0.0,,
1,other_installment_plans,20.0,2,10,3.0,numeric,-2.0,-2.0,-2.0,0.0,,
1,people_liable,30.0,3,10,1.0,numeric,1.0,1.0,1.0,0.0,,
1,present_residence,90.0,9,10,3.0,numeric,0.2222,-2.0,1.0,1.1331,,
1,property,40.0,4,10,1.0,numeric,1.75,1.0,3.0,0.8292,,
1,purpose,100.0,10,10,6.0,numeric,-1.6,-5.0,4.0,2.8,,
1,savings,40.0,4,10,1.0,numeric,2.5,1.0,4.0,1.118,,
1,status,80.0,8,10,1.0,numeric,1.625,1.0,3.0,0.857,,
1,telephone,50.0,5,10,1.0,numeric,1.0,1.0,1.0,0.0,,
2,amount,100.0,10,10,6836.0,numeric,167.6,-576.0,746.0,485.0788,,
2,credit_history,70.0,7,10,4.0,numeric,-0.2857,-2.0,1.0,1.1606,,
2,duration,100.0,10,10,60.0,numeric,-29.2,-48.0,-12.0,11.6344,,
2,employment_duration,60.0,6,10,5.0,numeric,-3.0,-4.0,-1.0,1.4142,,
2,foreign_worker,0.0,0,10,1.0,categorical,,,,,{},
2,housing,50.0,5,10,2.0,numeric,-0.2,-1.0,1.0,0.9798,,
2,installment_rate,60.0,6,10,3.0,numeric,-0.1667,-2.0,1.0,1.2134,,
2,job,70.0,7,10,3.0,numeric,0.2857,-2.0,1.0,1.1606,,
2,number_credits,40.0,4,10,2.0,numeric,-1.0,-1.0,-1.0,0.0,,
2,other_debtors,0.0,0,10,1.0,categorical,,,,,{},
2,other_installment_plans,30.0,3,10,3.0,numeric,-2.0,-2.0,-2.0,0.0,,
2,people_liable,20.0,2,10,1.0,numeric,1.0,1.0,1.0,0.0,,
2,present_residence,50.0,5,10,4.0,numeric,-1.8,-3.0,-1.0,0.7483,,
2,property,80.0,8,10,4.0,numeric,-2.25,-3.0,-1.0,0.8292,,
2,purpose,80.0,8,10,9.0,numeric,-6.125,-8.0,1.0,2.8477,,
2,savings,70.0,7,10,1.0,numeric,3.5714,1.0,4.0,1.0498,,
2,status,90.0,9,10,1.0,numeric,2.1111,1.0,3.0,0.9938,,
2,telephone,50.0,5,10,2.0,numeric,-1.0,-1.0,-1.0,0.0,,
3,amount,100.0,10,10,1659.0,numeric,41.1,-64.0,109.0,58.5806,,
3,credit_history,100.0,10,10,4.0,numeric,-0.8,-1.0,1.0,0.6,,
3,duration,90.0,9,10,24.0,numeric,-11.3333,-18.0,6.0,6.7495,,
3,employment_duration,80.0,8,10,2.0,numeric,1.75,1.0,3.0,0.8292,,
3,foreign_worker,0.0,0,10,1.0,categorical,,,,,{},
3,housing,80.0,8,10,1.0,numeric,1.0,1.0,1.0,0.0,,
3,installment_rate,70.0,7,10,4.0,numeric,-1.7143,-3.0,-1.0,0.6999,,
3,job,60.0,6,10,2.0,numeric,1.0,1.0,1.0,0.0,,
3,number_credits,10.0,1,10,1.0,numeric,1.0,1.0,1.0,0.0,,
3,other_debtors,20.0,2,10,1.0,numeric,1.5,1.0,2.0,0.5,,
3,other_installment_plans,0.0,0,10,3.0,categorical,,,,,{},
3,people_liable,10.0,1,10,1.0,numeric,1.0,1.0,1.0,0.0,,
3,present_residence,60.0,6,10,2.0,numeric,1.1667,-1.0,2.0,1.0672,,
3,property,80.0,8,10,3.0,numeric,-1.625,-2.0,-1.0,0.4841,,
3,purpose,60.0,6,10,4.0,numeric,-0.1667,-3.0,6.0,2.8529,,
3,savings,10.0,1,10,1.0,numeric,4.0,4.0,4.0,0.0,,
3,status,70.0,7,10,1.0,numeric,2.4286,1.0,3.0,0.9035,,
3,telephone,70.0,7,10,2.0,numeric,-1.0,-1.0,-1.0,0.0,,
4,amount,90.0,9,10,1372.0,numeric,4.2222,-14.0,21.0,14.0932,,
4,credit_history,20.0,2,10,3.0,numeric,0.5,-1.0,2.0,1.5,,
4,duration,80.0,8,10,12.0,numeric,0.125,-6.0,12.0,6.9899,,
4,employment_duration,80.0,8,10,4.0,numeric,-0.875,-3.0,1.0,1.2686,,
4,foreign_worker,10.0,1,10,1.0,numeric,1.0,1.0,1.0,0.0,,
4,housing,10.0,1,10,2.0,numeric,-1.0,-1.0,-1.0,0.0,,
4,installment_rate,50.0,5,10,2.0,numeric,1.8,1.0,2.0,0.4,,
4,job,30.0,3,10,3.0,numeric,0.3333,-1.0,1.0,0.9428,,
4,number_credits,10.0,1,10,1.0,numeric,2.0,2.0,2.0,0.0,,
4,other_debtors,10.0,1,10,1.0,numeric,2.0,2.0,2.0,0.0,,
4,other_installment_plans,30.0,3,10,3.0,numeric,-1.6667,-2.0,-1.0,0.4714,,
4,people_liable,20.0,2,10,1.0,numeric,1.0,1.0,1.0,0.0,,
4,present_residence,70.0,7,10,3.0,numeric,0.0,-2.0,1.0,1.1952,,
4,property,70.0,7,10,3.0,numeric,-1.7143,-2.0,-1.0,0.4518,,
4,purpose,50.0,5,10,1.0,numeric,5.6,2.0,9.0,2.7276,,
4,savings,20.0,2,10,1.0,numeric,4.0,4.0,4.0,0.0,,
4,status,50.0,5,10,1.0,numeric,2.6,1.0,3.0,0.8,,
4,telephone,60.0,6,10,1.0,numeric,1.0,1.0,1.0,0.0,,
5,amount,90.0,9,10,1344.0,numeric,3.4444,-26.0,28.0,19.2649,,
5,credit_history,90.0,9,10,4.0,numeric,-0.8889,-3.0,1.0,1.1967,,
5,duration,60.0,6,10,12.0,numeric,-0.5,-6.0,12.0,5.7951,,
5,employment_duration,70.0,7,10,3.0,numeric,0.4286,-1.0,2.0,1.2936,,
5,foreign_worker,10.0,1,10,1.0,numeric,1.0,1.0,1.0,0.0,,
5,housing,0.0,0,10,2.0,categorical,,,,,{},
5,installment_rate,50.0,5,10,4.0,numeric,-1.8,-2.0,-1.0,0.4,,
5,job,80.0,8,10,2.0,numeric,1.25,1.0,2.0,0.433,,
5,number_credits,70.0,7,10,2.0,numeric,-1.0,-1.0,-1.0,0.0,,
5,other_debtors,0.0,0,10,1.0,categorical,,,,,{},
5,other_installment_plans,20.0,2,10,3.0,numeric,-1.0,-1.0,-1.0,0.0,,
5,people_liable,80.0,8,10,2.0,numeric,-1.0,-1.0,-1.0,0.0,,
5,present_residence,80.0,8,10,2.0,numeric,1.375,-1.0,2.0,0.9922,,
5,property,60.0,6,10,1.0,numeric,2.0,2.0,2.0,0.0,,
5,purpose,40.0,4,10,1.0,numeric,4.5,3.0,9.0,2.5981,,
5,savings,30.0,3,10,1.0,numeric,3.3333,3.0,4.0,0.4714,,
5,status,50.0,5,10,1.0,numeric,1.6,1.0,3.0,0.8,,
5,telephone,40.0,4,10,1.0,numeric,1.0,1.0,1.0,0.0,,
6,amount,90.0,9,10,8229.0,numeric,-361.6667,-820.0,718.0,478.9609,,
6,credit_history,60.0,6,10,3.0,numeric,0.5,-1.0,2.0,1.118,,
6,duration,60.0,6,10,36.0,numeric,-7.3333,-24.0,12.0,10.6249,,
6,employment_duration,90.0,9,10,3.0,numeric,-0.5556,-2.0,2.0,1.4229,,
6,foreign_worker,10.0,1,10,1.0,numeric,1.0,1.0,1.0,0.0,,
6,housing,40.0,4,10,2.0,numeric,-0.5,-1.0,1.0,0.866,,
6,installment_rate,70.0,7,10,2.0,numeric,0.7143,-1.0,2.0,1.1606,,
6,job,40.0,4,10,3.0,numeric,0.25,-2.0,1.0,1.299,,
6,number_credits,30.0,3,10,1.0,numeric,1.0,1.0,1.0,0.0,,
6,other_debtors,10.0,1,10,1.0,numeric,2.0,2.0,2.0,0.0,,
6,other_installment_plans,30.0,3,10,3.0,numeric,-1.6667,-2.0,-1.0,0.4714,,
6,people_liable,70.0,7,10,2.0,numeric,-1.0,-1.0,-1.0,0.0,,
6,present_residence,40.0,4,10,2.0,numeric,1.25,-1.0,2.0,1.299,,
6,property,60.0,6,10,2.0,numeric,0.1667,-1.0,2.0,1.2134,,
6,purpose,60.0,6,10,2.0,numeric,3.8333,-1.0,8.0,3.5785,,
6,savings,80.0,8,10,1.0,numeric,3.625,1.0,4.0,0.9922,,
6,status,80.0,8,10,1.0,numeric,2.25,1.0,3.0,0.9682,,
6,telephone,60.0,6,10,1.0,numeric,1.0,1.0,1.0,0.0,,
7,amount,90.0,9,10,4006.0,numeric,1.2222,-248.0,243.0,168.6586,,
7,credit_history,20.0,2,10,3.0,numeric,0.0,-2.0,2.0,2.0,,
7,duration,90.0,9,10,28.0,numeric,0.1111,-18.0,20.0,10.4822,,
7,employment_duration,40.0,4,10,3.0,numeric,-1.5,-2.0,-1.0,0.5,,
7,foreign_worker,0.0,0,10,1.0,categorical,,,,,{},
7,housing,20.0,2,10,2.0,numeric,-1.0,-1.0,-1.0,0.0,,
7,installment_rate,80.0,8,10,3.0,numeric,0.0,-2.0,1.0,1.3229,,
7,job,80.0,8,10,2.0,numeric,0.875,-1.0,2.0,0.7806,,
7,number_credits,10.0,1,10,1.0,numeric,1.0,1.0,1.0,0.0,,
7,other_debtors,20.0,2,10,1.0,numeric,1.5,1.0,2.0,0.5,,
7,other_installment_plans,10.0,1,10,3.0,numeric,-2.0,-2.0,-2.0,0.0,,
7,people_liable,20.0,2,10,1.0,numeric,1.0,1.0,1.0,0.0,,
7,present_residence,50.0,5,10,2.0,numeric,0.6,-1.0,2.0,1.3565,,
7,property,30.0,3,10,3.0,numeric,-0.6667,-2.0,1.0,1.2472,,
7,purpose,70.0,7,10,1.0,numeric,4.0,1.0,8.0,2.6186,,
7,savings,30.0,3,10,1.0,numeric,2.6667,2.0,4.0,0.9428,,
7,status,80.0,8,10,1.0,numeric,1.5,1.0,3.0,0.7071,,
7,telephone,20.0,2,10,1.0,numeric,1.0,1.0,1.0,0.0,,
8,amount,100.0,10,10,5096.0,numeric,101.9,-51.0,285.0,104.3681,,
8,credit_history,60.0,6,10,5.0,numeric,-1.8333,-2.0,-1.0,0.3727,,
8,duration,90.0,9,10,48.0,numeric,-25.3333,-33.0,-18.0,5.1208,,
8,employment_duration,100.0,10,10,3.0,numeric,1.0,-2.0,2.0,1.5492,,
8,foreign_worker,0.0,0,10,1.0,categorical,,,,,{},
8,housing,30.0,3,10,2.0,numeric,1.0,1.0,1.0,0.0,,
8,installment_rate,80.0,8,10,2.0,numeric,1.0,-1.0,2.0,1.2247,,
8,job,80.0,8,10,4.0,numeric,-1.25,-3.0,-1.0,0.6614,,
8,number_credits,40.0,4,10,1.0,numeric,1.75,1.0,3.0,0.8292,,
8,other_debtors,0.0,0,10,1.0,categorical,,,,,{},
8,other_installment_plans,20.0,2,10,3.0,numeric,-2.0,-2.0,-2.0,0.0,,
8,people_liable,10.0,1,10,1.0,numeric,1.0,1.0,1.0,0.0,,
8,present_residence,100.0,10,10,3.0,numeric,0.6,-1.0,1.0,0.8,,
8,property,40.0,4,10,3.0,numeric,0.5,-1.0,1.0,0.866,,
8,purpose,90.0,9,10,3.0,numeric,1.1111,-2.0,7.0,3.3481,,
8,savings,50.0,5,10,1.0,numeric,3.6,2.0,4.0,0.8,,
8,status,70.0,7,10,2.0,numeric,1.4286,-1.0,2.0,1.0498,,
8,telephone,40.0,4,10,2.0,numeric,-1.0,-1.0,-1.0,0.0,,
9,amount,90.0,9,10,2579.0,numeric,-37.5556,-134.0,91.0,87.4911,,
9,credit_history,20.0,2,10,3.0,numeric,2.0,2.0,2.0,0.0,,
9,duration,80.0,8,10,12.0,numeric,8.625,-6.0,15.0,6.4408,,
9,employment_duration,70.0,7,10,2.0,numeric,1.8571,1.0,3.0,0.833,,
9,foreign_worker,10.0,1,10,1.0,numeric,1.0,1.0,1.0,0.0,,
9,housing,20.0,2,10,2.0,numeric,-1.0,-1.0,-1.0,0.0,,
9,installment_rate,30.0,3,10,4.0,numeric,-2.0,-2.0,-2.0,0.0,,
9,job,80.0,8,10,2.0,numeric,1.25,1.0,2.0,0.433,,
9,number_credits,20.0,2,10,1.0,numeric,1.0,1.0,1.0,0.0,,
9,other_debtors,0.0,0,10,1.0,categorical,,,,,{},
9,other_installment_plans,0.0,0,10,3.0,categorical,,,,,{},
9,people_liable,70.0,7,10,2.0,numeric,-1.0,-1.0,-1.0,0.0,,
9,present_residence,80.0,8,10,1.0,numeric,2.125,1.0,3.0,0.7806,,
9,property,70.0,7,10,1.0,numeric,1.4286,1.0,2.0,0.4949,,
9,purpose,70.0,7,10,1.0,numeric,2.7143,1.0,8.0,2.3123,,
9,savings,60.0,6,10,1.0,numeric,2.8333,1.0,4.0,1.2134,,
9,status,70.0,7,10,1.0,numeric,2.4286,1.0,3.0,0.9035,,
9,telephone,50.0,5,10,1.0,numeric,1.0,1.0,1.0,0.0,,
10,amount,80.0,8,10,1410.0,numeric,-2.625,-22.0,35.0,18.7145,,
10,credit_history,90.0,9,10,1.0,numeric,1.8889,1.0,2.0,0.3143,,
10,duration,80.0,8,10,12.0,numeric,1.25,-3.0,12.0,5.0436,,
10,employment_duration,50.0,5,10,3.0,numeric,0.4,-2.0,2.0,1.6248,,
10,foreign_worker,10.0,1,10,1.0,numeric,1.0,1.0,1.0,0.0,,
10,housing,30.0,3,10,2.0,numeric,-0.3333,-1.0,1.0,0.9428,,
10,installment_rate,60.0,6,10,2.0,numeric,1.1667,-1.0,2.0,1.0672,,
10,job,70.0,7,10,2.0,numeric,1.1429,1.0,2.0,0.3499,,
10,number_credits,10.0,1,10,1.0,numeric,2.0,2.0,2.0,0.0,,
10,other_debtors,10.0,1,10,1.0,numeric,2.0,2.0,2.0,0.0,,
10,other_installment_plans,30.0,3,10,3.0,numeric,-2.0,-2.0,-2.0,0.0,,
10,people_liable,10.0,1,10,1.0,numeric,1.0,1.0,1.0,0.0,,
10,present_residence,40.0,4,10,2.0,numeric,1.25,-1.0,2.0,1.299,,
10,property,30.0,3,10,1.0,numeric,2.0,1.0,3.0,0.8165,,
10,purpose,90.0,9,10,8.0,numeric,-3.6667,-7.0,1.0,3.0912,,
10,savings,40.0,4,10,1.0,numeric,2.0,1.0,4.0,1.2247,,
10,status,70.0,7,10,2.0,numeric,1.4286,-1.0,2.0,1.0498,,
10,telephone,40.0,4,10,2.0,numeric,-1.0,-1.0,-1.0,0.0,,
11,amount,90.0,9,10,6260.0,numeric,-57.2222,-549.0,797.0,442.1784,,
11,credit_history,90.0,9,10,3.0,numeric,1.7778,1.0,2.0,0.4157,,
11,duration,90.0,9,10,18.0,numeric,9.2222,-6.0,18.0,7.7714,,
11,employment_duration,70.0,7,10,4.0,numeric,0.1429,-3.0,1.0,1.4569,,
11,foreign_worker,0.0,0,10,1.0,categorical,,,,,{},
11,housing,70.0,7,10,1.0,numeric,1.1429,1.0,2.0,0.3499,,
11,installment_rate,70.0,7,10,3.0,numeric,0.0,-2.0,1.0,1.1952,,
11,job,90.0,9,10,2.0,numeric,1.5556,1.0,2.0,0.4969,,
11,number_credits,70.0,7,10,1.0,numeric,1.0,1.0,1.0,0.0,,
11,other_debtors,10.0,1,10,1.0,numeric,1.0,1.0,1.0,0.0,,
11,other_installment_plans,10.0,1,10,3.0,numeric,-2.0,-2.0,-2.0,0.0,,
11,people_liable,10.0,1,10,1.0,numeric,1.0,1.0,1.0,0.0,,
11,present_residence,90.0,9,10,3.0,numeric,0.1111,-1.0,1.0,0.9938,,
11,property,70.0,7,10,1.0,numeric,1.8571,1.0,3.0,0.6389,,
11,purpose,80.0,8,10,1.0,numeric,2.25,1.0,8.0,2.2776,,
11,savings,50.0,5,10,1.0,numeric,3.6,3.0,4.0,0.4899,,
11,status,70.0,7,10,2.0,numeric,1.5714,-1.0,2.0,1.0498,,
11,telephone,60.0,6,10,1.0,numeric,1.0,1.0,1.0,0.0,,
12,amount,100.0,10,10,1521.0,numeric,-23.5,-103.0,99.0,67.9312,,
12,credit_history,30.0,3,10,3.0,numeric,1.0,-1.0,2.0,1.4142,,
12,duration,90.0,9,10,10.0,numeric,1.7778,-6.0,14.0,5.9213,,
12,employment_duration,70.0,7,10,3.0,numeric,0.4286,-1.0,1.0,0.9035,,
12,foreign_worker,10.0,1,10,1.0,numeric,1.0,1.0,1.0,0.0,,
12,housing,30.0,3,10,2.0,numeric,0.3333,-1.0,1.0,0.9428,,
12,installment_rate,60.0,6,10,4.0,numeric,-1.3333,-2.0,-1.0,0.4714,,
12,job,70.0,7,10,2.0,numeric,1.1429,1.0,2.0,0.3499,,
12,number_credits,30.0,3,10,1.0,numeric,1.3333,1.0,2.0,0.4714,,
12,other_debtors,10.0,1,10,1.0,numeric,1.0,1.0,1.0,0.0,,
12,other_installment_plans,20.0,2,10,3.0,numeric,-1.5,-2.0,-1.0,0.5,,
12,people_liable,20.0,2,10,1.0,numeric,1.0,1.0,1.0,0.0,,
12,present_residence,50.0,5,10,2.0,numeric,1.0,-1.0,2.0,1.0954,,
12,property,60.0,6,10,3.0,numeric,-0.6667,-2.0,1.0,1.2472,,
12,purpose,90.0,9,10,3.0,numeric,0.8889,-2.0,6.0,2.183,,
12,savings,20.0,2,10,1.0,numeric,2.5,1.0,4.0,1.5,,
12,status,100.0,10,10,2.0,numeric,1.3,-1.0,2.0,1.1874,,
12,telephone,30.0,3,10,1.0,numeric,1.0,1.0,1.0,0.0,,
13,amount,100.0,10,10,2600.0,numeric,-28.1,-138.0,112.0,89.8971,,
13,credit_history,20.0,2,10,3.0,numeric,2.0,2.0,2.0,0.0,,
13,duration,80.0,8,10,18.0,numeric,4.125,-12.0,18.0,8.7384,,
13,employment_duration,70.0,7,10,3.0,numeric,0.8571,-1.0,2.0,1.2454,,
13,foreign_worker,10.0,1,10,1.0,numeric,1.0,1.0,1.0,0.0,,
13,housing,100.0,10,10,3.0,numeric,-1.1,-2.0,-1.0,0.3,,
13,installment_rate,30.0,3,10,4.0,numeric,-2.0,-2.0,-2.0,0.0,,
13,job,40.0,4,10,3.0,numeric,0.0,-1.0,1.0,1.0,,
13,number_credits,80.0,8,10,2.0,numeric,-1.0,-1.0,-1.0,0.0,,
13,other_debtors,0.0,0,10,1.0,categorical,,,,,{},
13,other_installment_plans,10.0,1,10,3.0,numeric,-2.0,-2.0,-2.0,0.0,,
13,people_liable,40.0,4,10,1.0,numeric,1.0,1.0,1.0,0.0,,
13,present_residence,80.0,8,10,4.0,numeric,-1.875,-3.0,-1.0,0.7806,,
13,property,100.0,10,10,4.0,numeric,-2.1,-3.0,-1.0,0.7,,
13,purpose,80.0,8,10,4.0,numeric,-1.25,-3.0,5.0,2.4875,,
13,savings,50.0,5,10,1.0,numeric,2.6,1.0,4.0,1.2,,
13,status,60.0,6,10,1.0,numeric,2.3333,1.0,3.0,0.9428,,
13,telephone,40.0,4,10,1.0,numeric,1.0,1.0,1.0,0.0,,
14,amount,100.0,10,10,6288.0,numeric,-79.5,-577.0,769.0,419.8384,,
14,credit_history,90.0,9,10,3.0,numeric,1.7778,1.0,2.0,0.4157,,
14,duration,100.0,10,10,60.0,numeric,-33.7,-48.0,-24.0,7.8746,,
14,employment_duration,90.0,9,10,3.0,numeric,1.2222,-2.0,2.0,1.2273,,
14,foreign_worker,0.0,0,10,1.0,categorical,,,,,{},
14,housing,90.0,9,10,3.0,numeric,-1.3333,-2.0,-1.0,0.4714,,
14,installment_rate,60.0,6,10,4.0,numeric,-1.6667,-3.0,-1.0,0.7454,,
14,job,60.0,6,10,3.0,numeric,0.6667,-1.0,1.0,0.7454,,
14,number_credits,70.0,7,10,1.0,numeric,1.0,1.0,1.0,0.0,,
14,other_debtors,10.0,1,10,1.0,numeric,1.0,1.0,1.0,0.0,,
14,other_installment_plans,10.0,1,10,3.0,numeric,-2.0,-2.0,-2.0,0.0,,
14,people_liable,10.0,1,10,1.0,numeric,1.0,1.0,1.0,0.0,,
14,present_residence,50.0,5,10,4.0,numeric,-1.8,-2.0,-1.0,0.4,,
14,property,90.0,9,10,4.0,numeric,-1.8889,-3.0,-1.0,0.8749,,
14,purpose,100.0,10,10,7.0,numeric,-4.2,-6.0,2.0,2.2271,,
14,savings,50.0,5,10,1.0,numeric,3.6,3.0,4.0,0.4899,,
14,status,70.0,7,10,2.0,numeric,1.5714,-1.0,2.0,1.0498,,
14,telephone,60.0,6,10,1.0,numeric,1.0,1.0,1.0,0.0,,
15,amount,100.0,10,10,6560.0,numeric,-198.8,-759.0,678.0,483.925,,
15,credit_history,90.0,9,10,3.0,numeric,1.6667,1.0,2.0,0.4714,,
15,duration,90.0,9,10,48.0,numeric,-22.7778,-36.0,-12.0,7.5686,,
15,employment_duration,70.0,7,10,4.0,numeric,0.1429,-3.0,1.0,1.4569,,
15,foreign_worker,0.0,0,10,1.0,categorical,,,,,{},
15,housing,40.0,4,10,2.0,numeric,-0.5,-1.0,1.0,0.866,,
15,installment_rate,60.0,6,10,3.0,numeric,-0.1667,-2.0,1.0,1.2134,,
15,job,50.0,5,10,3.0,numeric,0.6,-1.0,1.0,0.8,,
15,number_credits,70.0,7,10,1.0,numeric,1.0,1.0,1.0,0.0,,
15,other_debtors,10.0,1,10,1.0,numeric,1.0,1.0,1.0,0.0,,
15,other_installment_plans,20.0,2,10,3.0,numeric,-2.0,-2.0,-2.0,0.0,,
15,people_liable,20.0,2,10,1.0,numeric,1.0,1.0,1.0,0.0,,
15,present_residence,70.0,7,10,2.0,numeric,1.7143,1.0,2.0,0.4518,,
15,property,80.0,8,10,2.0,numeric,0.375,-1.0,2.0,1.111,,
15,purpose,80.0,8,10,1.0,numeric,2.5,1.0,8.0,2.2361,,
15,savings,100.0,10,10,2.0,numeric,0.9,-1.0,3.0,1.9209,,
15,status,70.0,7,10,2.0,numeric,1.5714,-1.0,2.0,1.0498,,
15,telephone,50.0,5,10,1.0,numeric,1.0,1.0,1.0,0.0,,
16,amount,100.0,10,10,6758.0,numeric,83.9,-793.0,727.0,532.5119,,
16,credit_history,70.0,7,10,3.0,numeric,1.1429,-1.0,2.0,0.9897,,
16,duration,90.0,9,10,48.0,numeric,-21.4444,-36.0,-12.0,8.2612,,
16,employment_duration,100.0,10,10,3.0,numeric,0.6,-2.0,2.0,1.7436,,
16,foreign_worker,0.0,0,10,1.0,categorical,,,,,{},
16,housing,40.0,4,10,2.0,numeric,-0.5,-1.0,1.0,0.866,,
16,installment_rate,60.0,6,10,3.0,numeric,-0.3333,-2.0,1.0,1.3744,,
16,job,70.0,7,10,3.0,numeric,0.2857,-2.0,1.0,1.1606,,
16,number_credits,70.0,7,10,1.0,numeric,1.0,1.0,1.0,0.0,,
16,other_debtors,0.0,0,10,1.0,categorical,,,,,{},
16,other_installment_plans,30.0,3,10,3.0,numeric,-2.0,-2.0,-2.0,0.0,,
16,people_liable,20.0,2,10,1.0,numeric,1.0,1.0,1.0,0.0,,
16,present_residence,70.0,7,10,2.0,numeric,1.2857,-1.0,2.0,1.0302,,
16,property,70.0,7,10,3.0,numeric,-1.2857,-2.0,1.0,1.0302,,
16,purpose,90.0,9,10,4.0,numeric,-0.7778,-3.0,5.0,3.119,,
16,savings,60.0,6,10,1.0,numeric,4.0,4.0,4.0,0.0,,
16,status,90.0,9,10,1.0,numeric,2.1111,1.0,3.0,0.9938,,
16,telephone,50.0,5,10,2.0,numeric,-1.0,-1.0,-1.0,0.0,,
17,amount,90.0,9,10,7721.0,numeric,-134.7778,-664.0,508.0,346.5409,,
17,credit_history,60.0,6,10,3.0,numeric,0.3333,-1.0,1.0,0.9428,,
17,duration,90.0,9,10,24.0,numeric,8.6667,-12.0,24.0,11.1555,,
17,employment_duration,70.0,7,10,2.0,numeric,0.8571,-1.0,3.0,1.7261,,
17,foreign_worker,90.0,9,10,2.0,numeric,-1.0,-1.0,-1.0,0.0,,
17,housing,50.0,5,10,2.0,numeric,-0.6,-1.0,1.0,0.8,,
17,installment_rate,80.0,8,10,1.0,numeric,2.0,1.0,3.0,0.7071,,
17,job,40.0,4,10,3.0,numeric,0.25,-2.0,1.0,1.299,,
17,number_credits,50.0,5,10,1.0,numeric,1.0,1.0,1.0,0.0,,
17,other_debtors,10.0,1,10,1.0,numeric,2.0,2.0,2.0,0.0,,
17,other_installment_plans,40.0,4,10,3.0,numeric,-2.0,-2.0,-2.0,0.0,,
17,people_liable,40.0,4,10,1.0,numeric,1.0,1.0,1.0,0.0,,
17,present_residence,60.0,6,10,2.0,numeric,1.3333,-1.0,2.0,1.1055,,
17,property,60.0,6,10,2.0,numeric,0.1667,-1.0,2.0,1.2134,,
17,purpose,90.0,9,10,3.0,numeric,1.5556,-2.0,7.0,3.4677,,
17,savings,20.0,2,10,5.0,numeric,-3.5,-4.0,-3.0,0.5,,
17,status,80.0,8,10,1.0,numeric,2.25,1.0,3.0,0.9682,,
17,telephone,40.0,4,10,2.0,numeric,-1.0,-1.0,-1.0,0.0,,
18,amount,100.0,10,10,1131.0,numeric,21.8,-39.0,107.0,44.6157,,
18,credit_history,20.0,2,10,3.0,numeric,1.5,1.0,2.0,0.5,,
18,duration,90.0,9,10,18.0,numeric,-7.1111,-12.0,3.0,4.3062,,
18,employment_duration,80.0,8,10,1.0,numeric,2.875,1.0,4.0,1.1659,,
18,foreign_worker,0.0,0,10,1.0,categorical,,,,,{},
18,housing,40.0,4,10,2.0,numeric,-0.5,-1.0,1.0,0.866,,
18,installment_rate,50.0,5,10,4.0,numeric,-1.6,-2.0,-1.0,0.4899,,
18,job,60.0,6,10,3.0,numeric,0.3333,-1.0,1.0,0.9428,,
18,number_credits,30.0,3,10,1.0,numeric,1.0,1.0,1.0,0.0,,
18,other_debtors,20.0,2,10,1.0,numeric,2.0,2.0,2.0,0.0,,
18,other_installment_plans,20.0,2,10,3.0,numeric,-2.0,-2.0,-2.0,0.0,,
18,people_liable,40.0,4,10,1.0,numeric,1.0,1.0,1.0,0.0,,
18,present_residence,80.0,8,10,2.0,numeric,1.875,1.0,2.0,0.3307,,
18,property,90.0,9,10,3.0,numeric,-1.3333,-2.0,1.0,0.9428,,
18,purpose,90.0,9,10,3.0,numeric,2.3333,-2.0,7.0,2.7889,,
18,savings,40.0,4,10,1.0,numeric,2.75,1.0,4.0,1.299,,
18,status,80.0,8,10,1.0,numeric,1.875,1.0,3.0,0.927,,
18,telephone,60.0,6,10,1.0,numeric,1.0,1.0,1.0,0.0,,
19,amount,100.0,10,10,15672.0,numeric,-6426.0,-7848.0,-4618.0,1139.7228,,
19,credit_history,60.0,6,10,3.0,numeric,0.5,-2.0,2.0,1.5,,
19,duration,90.0,9,10,48.0,numeric,-10.2222,-24.0,12.0,11.1333,,
19,employment_duration,60.0,6,10,3.0,numeric,0.5,-1.0,2.0,1.118,,
19,foreign_worker,0.0,0,10,1.0,categorical,,,,,{},
19,housing,30.0,3,10,2.0,numeric,-0.3333,-1.0,1.0,0.9428,,
19,installment_rate,50.0,5,10,2.0,numeric,1.0,-1.0,2.0,1.0954,,
19,job,40.0,4,10,3.0,numeric,0.5,-1.0,1.0,0.866,,
19,number_credits,30.0,3,10,1.0,numeric,1.0,1.0,1.0,0.0,,
19,other_debtors,20.0,2,10,1.0,numeric,1.5,1.0,2.0,0.5,,
19,other_installment_plans,30.0,3,10,3.0,numeric,-1.6667,-2.0,-1.0,0.4714,,
19,people_liable,40.0,4,10,1.0,numeric,1.0,1.0,1.0,0.0,,
19,present_residence,40.0,4,10,2.0,numeric,2.0,2.0,2.0,0.0,,
19,property,70.0,7,10,3.0,numeric,-0.5714,-2.0,1.0,1.0498,,
19,purpose,90.0,9,10,9.0,numeric,-6.7778,-8.0,-5.0,0.7857,,
19,savings,70.0,7,10,1.0,numeric,3.8571,3.0,4.0,0.3499,,
19,status,80.0,8,10,2.0,numeric,1.625,-1.0,2.0,0.9922,,
19,telephone,30.0,3,10,2.0,numeric,-1.0,-1.0,-1.0,0.0,,
20,amount,90.0,9,10,2039.0,numeric,-10.3333,-141.0,142.0,109.8939,,
20,credit_history,50.0,5,10,3.0,numeric,1.8,1.0,2.0,0.4,,
20,duration,80.0,8,10,18.0,numeric,-0.375,-12.0,12.0,8.2755,,
20,employment_duration,40.0,4,10,3.0,numeric,0.5,-1.0,2.0,1.5,,
20,foreign_worker,0.0,0,10,1.0,categorical,,,,,{},
20,housing,80.0,8,10,1.0,numeric,1.0,1.0,1.0,0.0,,
20,installment_rate,80.0,8,10,1.0,numeric,2.25,1.0,3.0,0.9682,,
20,job,30.0,3,10,3.0,numeric,-1.0,-1.0,-1.0,0.0,,
20,number_credits,40.0,4,10,1.0,numeric,1.25,1.0,2.0,0.433,,
20,other_debtors,0.0,0,10,1.0,categorical,,,,,{},
20,other_installment_plans,100.0,10,10,1.0,numeric,2.0,2.0,2.0,0.0,,
20,people_liable,30.0,3,10,1.0,numeric,1.0,1.0,1.0,0.0,,
20,present_residence,70.0,7,10,4.0,numeric,-2.0,-3.0,-1.0,0.5345,,
20,property,30.0,3,10,1.0,numeric,1.3333,1.0,2.0,0.4714,,
20,purpose,70.0,7,10,3.0,numeric,0.8571,-2.0,6.0,2.4744,,
20,savings,30.0,3,10,1.0,numeric,4.0,4.0,4.0,0.0,,
20,status,80.0,8,10,1.0,numeric,1.875,1.0,3.0,0.927,,
20,telephone,30.0,3,10,1.0,numeric,1.0,1.0,1.0,0.0,,
21,amount,100.0,10,10,5493.0,numeric,-88.1,-343.0,311.0,251.376,,
21,credit_history,60.0,6,10,3.0,numeric,2.0,2.0,2.0,0.0,,
21,duration,90.0,9,10,36.0,numeric,-11.3333,-24.0,12.0,9.877,,
21,employment_duration,40.0,4,10,5.0,numeric,-2.75,-4.0,-1.0,1.299,,
21,foreign_worker,0.0,0,10,1.0,categorical,,,,,{},
21,housing,70.0,7,10,3.0,numeric,-1.1429,-2.0,-1.0,0.3499,,
21,installment_rate,80.0,8,10,2.0,numeric,1.5,-1.0,2.0,1.0,,
21,job,40.0,4,10,3.0,numeric,0.25,-2.0,1.0,1.299,,
21,number_credits,50.0,5,10,1.0,numeric,1.6,1.0,3.0,0.8,,
21,other_debtors,0.0,0,10,1.0,categorical,,,,,{},
21,other_installment_plans,20.0,2,10,3.0,numeric,-2.0,-2.0,-2.0,0.0,,
21,people_liable,90.0,9,10,2.0,numeric,-1.0,-1.0,-1.0,0.0,,
21,present_residence,40.0,4,10,4.0,numeric,-2.0,-2.0,-2.0,0.0,,
21,property,70.0,7,10,4.0,numeric,-1.5714,-3.0,-1.0,0.7284,,
21,purpose,80.0,8,10,2.0,numeric,1.625,-1.0,8.0,2.9128,,
21,savings,60.0,6,10,1.0,numeric,3.3333,2.0,4.0,0.7454,,
21,status,90.0,9,10,1.0,numeric,2.4444,1.0,3.0,0.8315,,
21,telephone,60.0,6,10,1.0,numeric,1.0,1.0,1.0,0.0,,
22,amount,100.0,10,10,1082.0,numeric,24.4,-106.0,106.0,63.6195,,
22,credit_history,100.0,10,10,1.0,numeric,2.4,2.0,4.0,0.8,,
22,duration,40.0,4,10,12.0,numeric,2.0,-4.0,9.0,5.6125,,
22,employment_duration,60.0,6,10,3.0,numeric,1.5,-1.0,2.0,1.118,,
22,foreign_worker,0.0,0,10,1.0,categorical,,,,,{},
22,housing,40.0,4,10,2.0,numeric,-0.5,-1.0,1.0,0.866,,
22,installment_rate,50.0,5,10,4.0,numeric,-1.6,-2.0,-1.0,0.4899,,
22,job,40.0,4,10,3.0,numeric,0.0,-1.0,1.0,1.0,,
22,number_credits,60.0,6,10,2.0,numeric,-1.0,-1.0,-1.0,0.0,,
22,other_debtors,20.0,2,10,1.0,numeric,2.0,2.0,2.0,0.0,,
22,other_installment_plans,80.0,8,10,1.0,numeric,2.0,2.0,2.0,0.0,,
22,people_liable,30.0,3,10,1.0,numeric,1.0,1.0,1.0,0.0,,
22,present_residence,40.0,4,10,4.0,numeric,-2.0,-3.0,-1.0,0.7071,,
22,property,80.0,8,10,3.0,numeric,-1.5,-2.0,1.0,1.0,,
22,purpose,90.0,9,10,1.0,numeric,4.1111,2.0,9.0,2.3779,,
22,savings,50.0,5,10,1.0,numeric,2.8,1.0,4.0,1.1662,,
22,status,80.0,8,10,1.0,numeric,1.875,1.0,3.0,0.927,,
22,telephone,40.0,4,10,1.0,numeric,1.0,1.0,1.0,0.0,,
23,amount,90.0,9,10,4795.0,numeric,201.1111,-332.0,439.0,272.5115,,
23,credit_history,60.0,6,10,3.0,numeric,1.6667,1.0,2.0,0.4714,,
23,duration,80.0,8,10,36.0,numeric,-10.875,-21.0,-6.0,4.4843,,
23,employment_duration,90.0,9,10,2.0,numeric,2.0,-1.0,3.0,1.2472,,
23,foreign_worker,0.0,0,10,1.0,categorical,,,,,{},
23,housing,10.0,1,10,2.0,numeric,-1.0,-1.0,-1.0,0.0,,
23,installment_rate,30.0,3,10,4.0,numeric,-2.0,-3.0,-1.0,0.8165,,
23,job,60.0,6,10,4.0,numeric,-1.0,-1.0,-1.0,0.0,,
23,number_credits,40.0,4,10,1.0,numeric,1.5,1.0,3.0,0.866,,
23,other_debtors,0.0,0,10,1.0,categorical,,,,,{},
23,other_installment_plans,10.0,1,10,3.0,numeric,-2.0,-2.0,-2.0,0.0,,
23,people_liable,10.0,1,10,1.0,numeric,1.0,1.0,1.0,0.0,,
23,present_residence,90.0,9,10,1.0,numeric,2.3333,1.0,3.0,0.9428,,
23,property,90.0,9,10,4.0,numeric,-1.1111,-2.0,-1.0,0.3143,,
23,purpose,50.0,5,10,4.0,numeric,0.0,-3.0,5.0,3.0984,,
23,savings,30.0,3,10,1.0,numeric,4.0,4.0,4.0,0.0,,
23,status,70.0,7,10,2.0,numeric,1.8571,1.0,2.0,0.3499,,
23,telephone,30.0,3,10,2.0,numeric,-1.0,-1.0,-1.0,0.0,,
24,amount,100.0,10,10,10623.0,numeric,-1377.0,-2799.0,431.0,1139.7228,,
24,credit_history,80.0,8,10,5.0,numeric,-2.125,-4.0,-1.0,0.927,,
24,duration,90.0,9,10,30.0,numeric,9.7778,-6.0,30.0,11.1732,,
24,employment_duration,90.0,9,10,5.0,numeric,-1.8889,-3.0,-1.0,0.737,,
24,foreign_worker,0.0,0,10,1.0,categorical,,,,,{},
24,housing,90.0,9,10,3.0,numeric,-1.2222,-2.0,-1.0,0.4157,,
24,installment_rate,80.0,8,10,3.0,numeric,-0.625,-2.0,1.0,0.9922,,
24,job,70.0,7,10,4.0,numeric,-1.1429,-2.0,-1.0,0.3499,,
24,number_credits,100.0,10,10,3.0,numeric,-1.7,-2.0,-1.0,0.4583,,
24,other_debtors,20.0,2,10,1.0,numeric,1.5,1.0,2.0,0.5,,
24,other_installment_plans,30.0,3,10,3.0,numeric,-1.6667,-2.0,-1.0,0.4714,,
24,people_liable,60.0,6,10,2.0,numeric,-1.0,-1.0,-1.0,0.0,,
24,present_residence,60.0,6,10,4.0,numeric,-2.0,-2.0,-2.0,0.0,,
24,property,80.0,8,10,4.0,numeric,-1.75,-3.0,-1.0,0.6614,,
24,purpose,40.0,4,10,2.0,numeric,2.25,-1.0,7.0,2.9475,,
24,savings,70.0,7,10,1.0,numeric,3.8571,3.0,4.0,0.3499,,
24,status,90.0,9,10,1.0,numeric,2.5556,1.0,3.0,0.8315,,
24,telephone,30.0,3,10,2.0,numeric,-1.0,-1.0,-1.0,0.0,,
25,amount,100.0,10,10,10297.0,numeric,-1051.0,-2473.0,757.0,1139.7228,,
25,credit_history,60.0,6,10,3.0,numeric,0.5,-2.0,2.0,1.5,,
25,duration,90.0,9,10,48.0,numeric,-10.2222,-24.0,12.0,11.1333,,
25,employment_duration,70.0,7,10,4.0,numeric,-1.0,-2.0,1.0,0.9258,,
25,foreign_worker,0.0,0,10,1.0,categorical,,,,,{},
25,housing,90.0,9,10,3.0,numeric,-1.2222,-2.0,-1.0,0.4157,,
25,installment_rate,80.0,8,10,4.0,numeric,-1.875,-3.0,-1.0,0.5995,,
25,job,40.0,4,10,3.0,numeric,0.5,-1.0,1.0,0.866,,
25,number_credits,100.0,10,10,3.0,numeric,-1.7,-2.0,-1.0,0.4583,,
25,other_debtors,20.0,2,10,1.0,numeric,1.5,1.0,2.0,0.5,,
25,other_installment_plans,90.0,9,10,2.0,numeric,0.5556,-1.0,1.0,0.8315,,
25,people_liable,60.0,6,10,2.0,numeric,-1.0,-1.0,-1.0,0.0,,
25,present_residence,60.0,6,10,4.0,numeric,-2.0,-2.0,-2.0,0.0,,
25,property,80.0,8,10,4.0,numeric,-1.75,-3.0,-1.0,0.6614,,
25,purpose,40.0,4,10,2.0,numeric,2.25,-1.0,7.0,2.9475,,
25,savings,70.0,7,10,1.0,numeric,3.8571,3.0,4.0,0.3499,,
25,status,90.0,9,10,1.0,numeric,2.5556,1.0,3.0,0.8315,,
25,telephone,30.0,3,10,2.0,numeric,-1.0,-1.0,-1.0,0.0,,
26,amount,100.0,10,10,1193.0,numeric,-8.1,-70.0,69.0,51.7677,,
26,credit_history,100.0,10,10,2.0,numeric,1.3,1.0,3.0,0.6403,,
26,duration,90.0,9,10,24.0,numeric,-12.4444,-18.0,-3.0,4.8559,,
26,employment_duration,80.0,8,10,1.0,numeric,3.25,1.0,4.0,1.0897,,
26,foreign_worker,0.0,0,10,1.0,categorical,,,,,{},
26,housing,80.0,8,10,1.0,numeric,1.125,1.0,2.0,0.3307,,
26,installment_rate,100.0,10,10,1.0,numeric,2.2,1.0,3.0,0.8718,,
26,job,100.0,10,10,1.0,numeric,2.0,1.0,3.0,0.7746,,
26,number_credits,80.0,8,10,2.0,numeric,-1.0,-1.0,-1.0,0.0,,
26,other_debtors,100.0,10,10,2.0,numeric,-0.8,-1.0,1.0,0.6,,
26,other_installment_plans,20.0,2,10,3.0,numeric,-2.0,-2.0,-2.0,0.0,,
26,people_liable,30.0,3,10,1.0,numeric,1.0,1.0,1.0,0.0,,
26,present_residence,30.0,3,10,4.0,numeric,-2.0,-3.0,-1.0,0.8165,,
26,property,90.0,9,10,4.0,numeric,-2.3333,-3.0,-1.0,0.6667,,
26,purpose,90.0,9,10,1.0,numeric,5.0,2.0,9.0,2.7487,,
26,savings,50.0,5,10,1.0,numeric,3.0,1.0,4.0,1.2649,,
26,status,80.0,8,10,1.0,numeric,2.125,1.0,3.0,0.927,,
26,telephone,60.0,6,10,1.0,numeric,1.0,1.0,1.0,0.0,,
27,amount,100.0,10,10,13756.0,numeric,-4510.0,-5932.0,-2702.0,1139.7228,,
27,credit_history,80.0,8,10,5.0,numeric,-2.125,-4.0,-1.0,0.927,,
27,duration,90.0,9,10,60.0,numeric,-23.5556,-36.0,-6.0,8.8833,,
27,employment_duration,90.0,9,10,5.0,numeric,-1.8889,-3.0,-1.0,0.737,,
27,foreign_worker,0.0,0,10,1.0,categorical,,,,,{},
27,housing,90.0,9,10,3.0,numeric,-1.2222,-2.0,-1.0,0.4157,,
27,installment_rate,50.0,5,10,2.0,numeric,1.0,-1.0,2.0,1.0954,,
27,job,70.0,7,10,4.0,numeric,-1.1429,-2.0,-1.0,0.3499,,
27,number_credits,30.0,3,10,1.0,numeric,1.0,1.0,1.0,0.0,,
27,other_debtors,20.0,2,10,1.0,numeric,1.5,1.0,2.0,0.5,,
27,other_installment_plans,80.0,8,10,1.0,numeric,1.875,1.0,2.0,0.3307,,
27,people_liable,40.0,4,10,1.0,numeric,1.0,1.0,1.0,0.0,,
27,present_residence,60.0,6,10,4.0,numeric,-2.0,-2.0,-2.0,0.0,,
27,property,80.0,8,10,4.0,numeric,-1.75,-3.0,-1.0,0.6614,,
27,purpose,90.0,9,10,1.0,numeric,2.1111,1.0,8.0,2.183,,
27,savings,40.0,4,10,5.0,numeric,-3.25,-4.0,-1.0,1.299,,
27,status,30.0,3,10,4.0,numeric,-2.3333,-3.0,-2.0,0.4714,,
27,telephone,30.0,3,10,2.0,numeric,-1.0,-1.0,-1.0,0.0,,
28,amount,90.0,9,10,2820.0,numeric,-27.6667,-158.0,103.0,92.1653,,
28,credit_history,70.0,7,10,5.0,numeric,-2.0,-2.0,-2.0,0.0,,
28,duration,80.0,8,10,36.0,numeric,-18.625,-27.0,-12.0,6.518,,
28,employment_duration,90.0,9,10,2.0,numeric,2.2222,1.0,3.0,0.9162,,
28,foreign_worker,10.0,1,10,1.0,numeric,1.0,1.0,1.0,0.0,,
28,housing,20.0,2,10,2.0,numeric,0.0,-1.0,1.0,1.0,,
28,installment_rate,70.0,7,10,4.0,numeric,-1.8571,-3.0,-1.0,0.833,,
28,job,20.0,2,10,3.0,numeric,1.0,1.0,1.0,0.0,,
28,number_credits,80.0,8,10,2.0,numeric,-1.0,-1.0,-1.0,0.0,,
28,other_debtors,20.0,2,10,1.0,numeric,1.0,1.0,1.0,0.0,,
28,other_installment_plans,20.0,2,10,3.0,numeric,-2.0,-2.0,-2.0,0.0,,
28,people_liable,40.0,4,10,1.0,numeric,1.0,1.0,1.0,0.0,,
28,present_residence,50.0,5,10,4.0,numeric,-2.0,-3.0,-1.0,0.6325,,
28,property,60.0,6,10,3.0,numeric,-1.1667,-2.0,1.0,1.0672,,
28,purpose,60.0,6,10,1.0,numeric,2.0,1.0,3.0,0.8165,,
28,savings,50.0,5,10,1.0,numeric,1.6,1.0,4.0,1.2,,
28,status,90.0,9,10,2.0,numeric,1.1111,-1.0,2.0,1.1967,,
28,telephone,40.0,4,10,1.0,numeric,1.0,1.0,1.0,0.0,,
29,amount,100.0,10,10,741.0,numeric,132.9,-132.0,366.0,167.0452,,
29,credit_history,30.0,3,10,3.0,numeric,2.0,2.0,2.0,0.0,,
29,duration,30.0,3,10,12.0,numeric,0.0,-6.0,12.0,8.4853,,
29,employment_duration,100.0,10,10,1.0,numeric,2.9,2.0,4.0,0.8307,,
29,foreign_worker,10.0,1,10,1.0,numeric,1.0,1.0,1.0,0.0,,
29,housing,10.0,1,10,2.0,numeric,-1.0,-1.0,-1.0,0.0,,
29,installment_rate,20.0,2,10,4.0,numeric,-2.5,-3.0,-2.0,0.5,,
29,job,30.0,3,10,3.0,numeric,-0.3333,-1.0,1.0,0.9428,,
29,number_credits,40.0,4,10,1.0,numeric,1.0,1.0,1.0,0.0,,
29,other_debtors,10.0,1,10,1.0,numeric,2.0,2.0,2.0,0.0,,
29,other_installment_plans,20.0,2,10,3.0,numeric,-1.5,-2.0,-1.0,0.5,,
29,people_liable,20.0,2,10,1.0,numeric,1.0,1.0,1.0,0.0,,
29,present_residence,80.0,8,10,3.0,numeric,-0.25,-2.0,1.0,1.299,,
29,property,80.0,8,10,2.0,numeric,0.125,-1.0,2.0,1.1659,,
29,purpose,100.0,10,10,5.0,numeric,-1.7,-4.0,2.0,1.7916,,
29,savings,90.0,9,10,2.0,numeric,0.4444,-1.0,3.0,1.7069,,
29,status,60.0,6,10,1.0,numeric,2.0,1.0,3.0,1.0,,
29,telephone,40.0,4,10,1.0,numeric,1.0,1.0,1.0,0.0,,
30,amount,100.0,10,10,1216.0,numeric,16.6,-61.0,71.0,47.6995,,
30,credit_history,90.0,9,10,5.0,numeric,-1.8889,-2.0,-1.0,0.3143,,
30,duration,90.0,9,10,24.0,numeric,-11.8889,-18.0,-2.0,5.5064,,
30,employment_duration,100.0,10,10,2.0,numeric,1.8,-1.0,3.0,1.5362,,
30,foreign_worker,10.0,1,10,1.0,numeric,1.0,1.0,1.0,0.0,,
30,housing,30.0,3,10,2.0,numeric,-0.3333,-1.0,1.0,0.9428,,
30,installment_rate,50.0,5,10,4.0,numeric,-1.6,-2.0,-1.0,0.4899,,
30,job,60.0,6,10,3.0,numeric,0.0,-1.0,1.0,1.0,,
30,number_credits,80.0,8,10,2.0,numeric,-1.0,-1.0,-1.0,0.0,,
30,other_debtors,20.0,2,10,1.0,numeric,1.5,1.0,2.0,0.5,,
30,other_installment_plans,80.0,8,10,1.0,numeric,2.0,2.0,2.0,0.0,,
30,people_liable,70.0,7,10,2.0,numeric,-1.0,-1.0,-1.0,0.0,,
30,present_residence,30.0,3,10,4.0,numeric,-2.0,-3.0,-1.0,0.8165,,
30,property,90.0,9,10,4.0,numeric,-2.1111,-3.0,-1.0,0.5666,,
30,purpose,90.0,9,10,4.0,numeric,1.0,-3.0,6.0,3.6818,,
30,savings,100.0,10,10,2.0,numeric,0.6,-1.0,3.0,1.9596,,
30,status,70.0,7,10,2.0,numeric,0.7143,-1.0,2.0,1.4846,,
30,telephone,50.0,5,10,1.0,numeric,1.0,1.0,1.0,0.0,,
31,amount,100.0,10,10,1778.0,numeric,-0.4,-108.0,120.0,73.7715,,
31,credit_history,100.0,10,10,1.0,numeric,2.6,2.0,4.0,0.9165,,
31,duration,90.0,9,10,15.0,numeric,-0.6667,-9.0,15.0,7.7172,,
31,employment_duration,80.0,8,10,2.0,numeric,1.125,-1.0,3.0,1.0533,,
31,foreign_worker,0.0,0,10,1.0,categorical,,,,,{},
31,housing,80.0,8,10,1.0,numeric,1.0,1.0,1.0,0.0,,
31,installment_rate,90.0,9,10,2.0,numeric,1.1111,-1.0,2.0,1.1967,,
31,job,100.0,10,10,1.0,numeric,1.7,1.0,3.0,0.6403,,
31,number_credits,70.0,7,10,2.0,numeric,-1.0,-1.0,-1.0,0.0,,
31,other_debtors,10.0,1,10,1.0,numeric,2.0,2.0,2.0,0.0,,
31,other_installment_plans,10.0,1,10,3.0,numeric,-2.0,-2.0,-2.0,0.0,,
31,people_liable,10.0,1,10,1.0,numeric,1.0,1.0,1.0,0.0,,
31,present_residence,90.0,9,10,1.0,numeric,1.7778,1.0,3.0,0.9162,,
31,property,40.0,4,10,1.0,numeric,1.75,1.0,2.0,0.433,,
31,purpose,90.0,9,10,1.0,numeric,3.6667,1.0,9.0,2.6667,,
31,savings,30.0,3,10,1.0,numeric,4.0,4.0,4.0,0.0,,
31,status,60.0,6,10,2.0,numeric,1.0,-1.0,2.0,1.4142,,
31,telephone,30.0,3,10,1.0,numeric,1.0,1.0,1.0,0.0,,
32,amount,100.0,10,10,1371.0,numeric,4.8,-13.0,22.0,13.4298,,
32,credit_history,20.0,2,10,3.0,numeric,0.5,-1.0,2.0,1.5,,
32,duration,80.0,8,10,24.0,numeric,-14.875,-18.0,-12.0,2.1469,,
32,employment_duration,60.0,6,10,3.0,numeric,0.5,-2.0,2.0,1.5,,
32,foreign_worker,10.0,1,10,1.0,numeric,1.0,1.0,1.0,0.0,,
32,housing,90.0,9,10,1.0,numeric,1.0,1.0,1.0,0.0,,
32,installment_rate,60.0,6,10,4.0,numeric,-1.8333,-2.0,-1.0,0.3727,,
32,job,30.0,3,10,3.0,numeric,0.3333,-1.0,1.0,0.9428,,
32,number_credits,10.0,1,10,1.0,numeric,2.0,2.0,2.0,0.0,,
32,other_debtors,10.0,1,10,1.0,numeric,2.0,2.0,2.0,0.0,,
32,other_installment_plans,30.0,3,10,3.0,numeric,-1.6667,-2.0,-1.0,0.4714,,
32,people_liable,20.0,2,10,1.0,numeric,1.0,1.0,1.0,0.0,,
32,present_residence,60.0,6,10,4.0,numeric,-1.6667,-3.0,-1.0,0.7454,,
32,property,50.0,5,10,1.0,numeric,1.6,1.0,2.0,0.4899,,
32,purpose,50.0,5,10,1.0,numeric,5.6,2.0,9.0,2.7276,,
32,savings,80.0,8,10,5.0,numeric,-4.0,-4.0,-4.0,0.0,,
32,status,50.0,5,10,1.0,numeric,2.6,1.0,3.0,0.8,,
32,telephone,60.0,6,10,1.0,numeric,1.0,1.0,1.0,0.0,,
33,amount,100.0,10,10,1442.0,numeric,-11.5,-49.0,36.0,27.1781,,
33,credit_history,90.0,9,10,2.0,numeric,1.0,-1.0,3.0,0.9428,,
33,duration,90.0,9,10,18.0,numeric,-5.2222,-9.0,6.0,4.5161,,
33,employment_duration,70.0,7,10,4.0,numeric,-1.1429,-3.0,1.0,1.1249,,
33,foreign_worker,10.0,1,10,1.0,numeric,1.0,1.0,1.0,0.0,,
33,housing,80.0,8,10,3.0,numeric,-1.125,-2.0,-1.0,0.3307,,
33,installment_rate,70.0,7,10,4.0,numeric,-1.7143,-3.0,-1.0,0.6999,,
33,job,70.0,7,10,2.0,numeric,1.1429,1.0,2.0,0.3499,,
33,number_credits,80.0,8,10,2.0,numeric,-1.0,-1.0,-1.0,0.0,,
33,other_debtors,10.0,1,10,1.0,numeric,2.0,2.0,2.0,0.0,,
33,other_installment_plans,10.0,1,10,3.0,numeric,-2.0,-2.0,-2.0,0.0,,
33,people_liable,100.0,10,10,2.0,numeric,-1.0,-1.0,-1.0,0.0,,
33,present_residence,70.0,7,10,4.0,numeric,-2.0,-2.0,-2.0,0.0,,
33,property,80.0,8,10,4.0,numeric,-2.25,-3.0,-1.0,0.9682,,
33,purpose,70.0,7,10,1.0,numeric,5.0,3.0,8.0,2.3299,,
33,savings,40.0,4,10,1.0,numeric,2.0,1.0,4.0,1.2247,,
33,status,90.0,9,10,1.0,numeric,2.4444,1.0,3.0,0.8315,,
33,telephone,50.0,5,10,1.0,numeric,1.0,1.0,1.0,0.0,,
34,amount,100.0,10,10,7966.0,numeric,-233.4,-728.0,420.0,352.7442,,
34,credit_history,60.0,6,10,3.0,numeric,0.5,-1.0,2.0,1.118,,
34,duration,100.0,10,10,26.0,numeric,6.8,-14.0,22.0,10.2059,,
34,employment_duration,70.0,7,10,2.0,numeric,0.8571,-1.0,3.0,1.7261,,
34,foreign_worker,10.0,1,10,1.0,numeric,1.0,1.0,1.0,0.0,,
34,housing,40.0,4,10,2.0,numeric,-0.5,-1.0,1.0,0.866,,
34,installment_rate,70.0,7,10,2.0,numeric,0.7143,-1.0,2.0,1.1606,,
34,job,30.0,3,10,3.0,numeric,0.0,-2.0,1.0,1.4142,,
34,number_credits,60.0,6,10,2.0,numeric,-1.0,-1.0,-1.0,0.0,,
34,other_debtors,10.0,1,10,1.0,numeric,2.0,2.0,2.0,0.0,,
34,other_installment_plans,30.0,3,10,3.0,numeric,-2.0,-2.0,-2.0,0.0,,
34,people_liable,30.0,3,10,1.0,numeric,1.0,1.0,1.0,0.0,,
34,present_residence,90.0,9,10,3.0,numeric,-0.4444,-2.0,1.0,1.0657,,
34,property,80.0,8,10,3.0,numeric,-1.125,-2.0,1.0,0.927,,
34,purpose,70.0,7,10,2.0,numeric,3.5714,-1.0,8.0,3.3746,,
34,savings,80.0,8,10,1.0,numeric,3.625,1.0,4.0,0.9922,,
34,status,70.0,7,10,2.0,numeric,1.1429,-1.0,2.0,1.3553,,
34,telephone,50.0,5,10,1.0,numeric,1.0,1.0,1.0,0.0,,
35,amount,100.0,10,10,1264.0,numeric,14.7,-26.0,37.0,18.8788,,
35,credit_history,100.0,10,10,2.0,numeric,1.4,1.0,3.0,0.8,,
35,duration,100.0,10,10,15.0,numeric,-1.9,-9.0,9.0,5.9405,,
35,employment_duration,70.0,7,10,3.0,numeric,1.1429,-2.0,2.0,1.3553,,
35,foreign_worker,30.0,3,10,1.0,numeric,1.0,1.0,1.0,0.0,,
35,housing,80.0,8,10,1.0,numeric,1.0,1.0,1.0,0.0,,
35,installment_rate,80.0,8,10,2.0,numeric,1.5,-1.0,2.0,1.0,,
35,job,60.0,6,10,3.0,numeric,-0.8333,-2.0,1.0,0.8975,,
35,number_credits,20.0,2,10,1.0,numeric,1.5,1.0,2.0,0.5,,
35,other_debtors,40.0,4,10,1.0,numeric,1.75,1.0,2.0,0.433,,
35,other_installment_plans,0.0,0,10,3.0,categorical,,,,,{},
35,people_liable,30.0,3,10,1.0,numeric,1.0,1.0,1.0,0.0,,
35,present_residence,80.0,8,10,2.0,numeric,0.875,-1.0,2.0,1.4524,,
35,property,50.0,5,10,2.0,numeric,-0.6,-1.0,1.0,0.8,,
35,purpose,70.0,7,10,1.0,numeric,4.1429,2.0,8.0,2.3561,,
35,savings,90.0,9,10,2.0,numeric,0.7778,-1.0,3.0,1.9876,,
35,status,90.0,9,10,2.0,numeric,0.5556,-1.0,2.0,1.4229,,
35,telephone,30.0,3,10,1.0,numeric,1.0,1.0,1.0,0.0,,
36,amount,90.0,9,10,2121.0,numeric,-28.7778,-196.0,158.0,118.7395,,
36,credit_history,60.0,6,10,5.0,numeric,-1.8333,-2.0,-1.0,0.3727,,
36,duration,70.0,7,10,12.0,numeric,9.8571,-3.0,18.0,6.1512,,
36,employment_duration,40.0,4,10,3.0,numeric,1.0,-1.0,2.0,1.2247,,
36,foreign_worker,0.0,0,10,1.0,categorical,,,,,{},
36,housing,20.0,2,10,2.0,numeric,0.0,-1.0,1.0,1.0,,
36,installment_rate,40.0,4,10,4.0,numeric,-2.25,-3.0,-2.0,0.433,,
36,job,20.0,2,10,3.0,numeric,-1.0,-1.0,-1.0,0.0,,
36,number_credits,70.0,7,10,2.0,numeric,-0.7143,-1.0,1.0,0.6999,,
36,other_debtors,0.0,0,10,1.0,categorical,,,,,{},
36,other_installment_plans,0.0,0,10,3.0,categorical,,,,,{},
36,people_liable,30.0,3,10,1.0,numeric,1.0,1.0,1.0,0.0,,
36,present_residence,60.0,6,10,2.0,numeric,1.5,-1.0,2.0,1.118,,
36,property,80.0,8,10,2.0,numeric,-0.125,-1.0,2.0,1.1659,,
36,purpose,80.0,8,10,1.0,numeric,3.125,1.0,8.0,1.9645,,
36,savings,30.0,3,10,1.0,numeric,4.0,4.0,4.0,0.0,,
36,status,80.0,8,10,1.0,numeric,2.125,1.0,3.0,0.927,,
36,telephone,50.0,5,10,1.0,numeric,1.0,1.0,1.0,0.0,,
37,amount,90.0,9,10,1007.0,numeric,47.8889,-147.0,148.0,99.3987,,
37,credit_history,20.0,2,10,3.0,numeric,2.0,2.0,2.0,0.0,,
37,duration,40.0,4,10,12.0,numeric,2.25,-6.0,12.0,7.1545,,
37,employment_duration,60.0,6,10,3.0,numeric,1.3333,-1.0,2.0,1.1055,,
37,foreign_worker,0.0,0,10,1.0,categorical,,,,,{},
37,housing,30.0,3,10,2.0,numeric,-1.0,-1.0,-1.0,0.0,,
37,installment_rate,40.0,4,10,4.0,numeric,-2.0,-3.0,-1.0,0.7071,,
37,job,30.0,3,10,3.0,numeric,-0.3333,-1.0,1.0,0.9428,,
37,number_credits,40.0,4,10,1.0,numeric,1.0,1.0,1.0,0.0,,
37,other_debtors,20.0,2,10,1.0,numeric,2.0,2.0,2.0,0.0,,
37,other_installment_plans,20.0,2,10,3.0,numeric,-1.5,-2.0,-1.0,0.5,,
37,people_liable,10.0,1,10,1.0,numeric,1.0,1.0,1.0,0.0,,
37,present_residence,90.0,9,10,1.0,numeric,2.2222,1.0,3.0,0.9162,,
37,property,40.0,4,10,1.0,numeric,2.25,2.0,3.0,0.433,,
37,purpose,80.0,8,10,1.0,numeric,2.75,2.0,3.0,0.433,,
37,savings,90.0,9,10,4.0,numeric,-1.3333,-3.0,1.0,1.7638,,
37,status,70.0,7,10,2.0,numeric,1.0,-1.0,2.0,1.3093,,
37,telephone,50.0,5,10,1.0,numeric,1.0,1.0,1.0,0.0,,
38,amount,100.0,10,10,7685.0,numeric,-85.3,-628.0,544.0,331.2347,,
38,credit_history,80.0,8,10,2.0,numeric,1.5,1.0,2.0,0.5,,
38,duration,80.0,8,10,48.0,numeric,-20.25,-36.0,-12.0,8.1509,,
38,employment_duration,90.0,9,10,4.0,numeric,-1.5556,-3.0,1.0,1.499,,
38,foreign_worker,10.0,1,10,1.0,numeric,1.0,1.0,1.0,0.0,,
38,housing,60.0,6,10,1.0,numeric,1.1667,1.0,2.0,0.3727,,
38,installment_rate,80.0,8,10,2.0,numeric,0.75,-1.0,2.0,1.0897,,
38,job,40.0,4,10,3.0,numeric,0.25,-2.0,1.0,1.299,,
38,number_credits,50.0,5,10,1.0,numeric,1.0,1.0,1.0,0.0,,
38,other_debtors,90.0,9,10,3.0,numeric,-2.0,-2.0,-2.0,0.0,,
38,other_installment_plans,40.0,4,10,3.0,numeric,-2.0,-2.0,-2.0,0.0,,
38,people_liable,40.0,4,10,1.0,numeric,1.0,1.0,1.0,0.0,,
38,present_residence,60.0,6,10,4.0,numeric,-2.0,-3.0,-1.0,0.5774,,
38,property,80.0,8,10,3.0,numeric,-1.125,-2.0,1.0,0.927,,
38,purpose,80.0,8,10,9.0,numeric,-5.75,-8.0,1.0,2.681,,
38,savings,90.0,9,10,1.0,numeric,3.6667,1.0,4.0,0.9428,,
38,status,80.0,8,10,1.0,numeric,2.25,1.0,3.0,0.9682,,
38,telephone,60.0,6,10,1.0,numeric,1.0,1.0,1.0,0.0,,
39,amount,100.0,10,10,5371.0,numeric,-173.1,-326.0,10.0,104.3681,,
39,credit_history,60.0,6,10,5.0,numeric,-1.8333,-2.0,-1.0,0.3727,,
39,duration,100.0,10,10,36.0,numeric,-10.8,-21.0,12.0,9.02,,
39,employment_duration,100.0,10,10,3.0,numeric,1.0,-2.0,2.0,1.5492,,
39,foreign_worker,0.0,0,10,1.0,categorical,,,,,{},
39,housing,30.0,3,10,2.0,numeric,1.0,1.0,1.0,0.0,,
39,installment_rate,80.0,8,10,3.0,numeric,-0.25,-2.0,1.0,1.299,,
39,job,30.0,3,10,3.0,numeric,0.0,-2.0,1.0,1.4142,,
39,number_credits,80.0,8,10,2.0,numeric,-0.375,-1.0,2.0,1.111,,
39,other_debtors,100.0,10,10,3.0,numeric,-2.0,-2.0,-2.0,0.0,,
39,other_installment_plans,20.0,2,10,3.0,numeric,-2.0,-2.0,-2.0,0.0,,
39,people_liable,10.0,1,10,1.0,numeric,1.0,1.0,1.0,0.0,,
39,present_residence,80.0,8,10,2.0,numeric,2.0,2.0,2.0,0.0,,
39,property,90.0,9,10,2.0,numeric,1.3333,1.0,2.0,0.4714,,
39,purpose,90.0,9,10,3.0,numeric,1.1111,-2.0,7.0,3.3481,,
39,savings,50.0,5,10,1.0,numeric,3.6,2.0,4.0,0.8,,
39,status,90.0,9,10,1.0,numeric,2.2222,1.0,3.0,0.9162,,
39,telephone,60.0,6,10,1.0,numeric,1.0,1.0,1.0,0.0,,
40,amount,100.0,10,10,795.0,numeric,78.9,-186.0,312.0,167.0452,,
40,credit_history,30.0,3,10,3.0,numeric,2.0,2.0,2.0,0.0,,
40,duration,30.0,3,10,12.0,numeric,0.0,-6.0,12.0,8.4853,,
40,employment_duration,100.0,10,10,2.0,numeric,1.9,1.0,3.0,0.8307,,
40,foreign_worker,10.0,1,10,1.0,numeric,1.0,1.0,1.0,0.0,,
40,housing,10.0,1,10,2.0,numeric,-1.0,-1.0,-1.0,0.0,,
40,installment_rate,20.0,2,10,4.0,numeric,-2.5,-3.0,-2.0,0.5,,
40,job,30.0,3,10,3.0,numeric,-0.3333,-1.0,1.0,0.9428,,
40,number_credits,40.0,4,10,1.0,numeric,1.0,1.0,1.0,0.0,,
40,other_debtors,10.0,1,10,1.0,numeric,2.0,2.0,2.0,0.0,,
40,other_installment_plans,20.0,2,10,3.0,numeric,-1.5,-2.0,-1.0,0.5,,
40,people_liable,20.0,2,10,1.0,numeric,1.0,1.0,1.0,0.0,,
40,present_residence,60.0,6,10,4.0,numeric,-2.0,-3.0,-1.0,0.8165,,
40,property,80.0,8,10,2.0,numeric,0.125,-1.0,2.0,1.1659,,
40,purpose,90.0,9,10,7.0,numeric,-4.1111,-6.0,-3.0,1.3699,,
40,savings,50.0,5,10,1.0,numeric,2.8,1.0,4.0,1.1662,,
40,status,60.0,6,10,1.0,numeric,2.0,1.0,3.0,1.0,,
40,telephone,40.0,4,10,1.0,numeric,1.0,1.0,1.0,0.0,,
41,amount,90.0,9,10,1721.0,numeric,-23.2222,-126.0,47.0,61.3112,,
41,credit_history,10.0,1,10,3.0,numeric,2.0,2.0,2.0,0.0,,
41,duration,90.0,9,10,15.0,numeric,-1.3333,-9.0,15.0,7.6303,,
41,employment_duration,80.0,8,10,2.0,numeric,1.75,1.0,3.0,0.8292,,
41,foreign_worker,0.0,0,10,1.0,categorical,,,,,{},
41,housing,20.0,2,10,2.0,numeric,-1.0,-1.0,-1.0,0.0,,
41,installment_rate,70.0,7,10,2.0,numeric,1.1429,-1.0,2.0,0.9897,,
41,job,40.0,4,10,3.0,numeric,-1.0,-1.0,-1.0,0.0,,
41,number_credits,10.0,1,10,1.0,numeric,1.0,1.0,1.0,0.0,,
41,other_debtors,20.0,2,10,1.0,numeric,1.5,1.0,2.0,0.5,,
41,other_installment_plans,0.0,0,10,3.0,categorical,,,,,{},
41,people_liable,10.0,1,10,1.0,numeric,1.0,1.0,1.0,0.0,,
41,present_residence,80.0,8,10,3.0,numeric,-0.375,-2.0,1.0,1.111,,
41,property,50.0,5,10,1.0,numeric,1.4,1.0,2.0,0.4899,,
41,purpose,90.0,9,10,1.0,numeric,3.2222,2.0,9.0,2.0964,,
41,savings,10.0,1,10,1.0,numeric,4.0,4.0,4.0,0.0,,
41,status,70.0,7,10,1.0,numeric,2.4286,1.0,3.0,0.9035,,
41,telephone,30.0,3,10,1.0,numeric,1.0,1.0,1.0,0.0,,
42,amount,90.0,9,10,1164.0,numeric,-12.4444,-72.0,74.0,46.8641,,
42,credit_history,90.0,9,10,5.0,numeric,-1.8889,-2.0,-1.0,0.3143,,
42,duration,90.0,9,10,8.0,numeric,4.0,-2.0,13.0,4.6904,,
42,employment_duration,60.0,6,10,5.0,numeric,-2.8333,-4.0,-2.0,0.8975,,
42,foreign_worker,0.0,0,10,1.0,categorical,,,,,{},
42,housing,90.0,9,10,3.0,numeric,-1.3333,-2.0,-1.0,0.4714,,
42,installment_rate,80.0,8,10,3.0,numeric,0.25,-1.0,1.0,0.9682,,
42,job,60.0,6,10,4.0,numeric,-1.3333,-2.0,-1.0,0.4714,,
42,number_credits,70.0,7,10,2.0,numeric,-1.0,-1.0,-1.0,0.0,,
42,other_debtors,20.0,2,10,1.0,numeric,2.0,2.0,2.0,0.0,,
42,other_installment_plans,80.0,8,10,1.0,numeric,2.0,2.0,2.0,0.0,,
42,people_liable,60.0,6,10,2.0,numeric,-1.0,-1.0,-1.0,0.0,,
42,present_residence,30.0,3,10,4.0,numeric,-1.6667,-2.0,-1.0,0.4714,,
42,property,90.0,9,10,4.0,numeric,-2.4444,-3.0,-1.0,0.6849,,
42,purpose,90.0,9,10,10.0,numeric,-5.4444,-9.0,-1.0,2.3147,,
42,savings,40.0,4,10,1.0,numeric,2.75,1.0,4.0,1.299,,
42,status,80.0,8,10,1.0,numeric,1.875,1.0,3.0,0.927,,
42,telephone,40.0,4,10,2.0,numeric,-1.0,-1.0,-1.0,0.0,,
43,amount,100.0,10,10,4280.0,numeric,-54.9,-331.0,250.0,173.394,,
43,credit_history,100.0,10,10,1.0,numeric,2.8,2.0,4.0,0.8718,,
43,duration,80.0,8,10,30.0,numeric,-4.625,-20.0,6.0,8.9294,,
43,employment_duration,50.0,5,10,3.0,numeric,-0.2,-2.0,2.0,1.4697,,
43,foreign_worker,0.0,0,10,1.0,categorical,,,,,{},
43,housing,80.0,8,10,1.0,numeric,1.0,1.0,1.0,0.0,,
43,installment_rate,50.0,5,10,4.0,numeric,-2.0,-3.0,-1.0,0.8944,,
43,job,80.0,8,10,2.0,numeric,1.5,1.0,2.0,0.5,,
43,number_credits,70.0,7,10,2.0,numeric,-1.0,-1.0,-1.0,0.0,,
43,other_debtors,20.0,2,10,1.0,numeric,1.5,1.0,2.0,0.5,,
43,other_installment_plans,0.0,0,10,3.0,categorical,,,,,{},
43,people_liable,10.0,1,10,1.0,numeric,1.0,1.0,1.0,0.0,,
43,present_residence,70.0,7,10,4.0,numeric,-1.8571,-3.0,-1.0,0.6389,,
43,property,20.0,2,10,3.0,numeric,0.0,-1.0,1.0,1.0,,
43,purpose,100.0,10,10,9.0,numeric,-6.4,-8.0,-5.0,1.2,,
43,savings,100.0,10,10,2.0,numeric,-0.6,-1.0,1.0,0.8,,
43,status,70.0,7,10,2.0,numeric,0.4286,-1.0,2.0,1.2936,,
43,telephone,30.0,3,10,1.0,numeric,1.0,1.0,1.0,0.0,,
44,amount,90.0,9,10,2712.0,numeric,26.8889,-133.0,160.0,96.9999,,
44,credit_history,30.0,3,10,3.0,numeric,2.0,2.0,2.0,0.0,,
44,duration,80.0,8,10,36.0,numeric,-22.0,-30.0,-12.0,6.6144,,
44,employment_duration,60.0,6,10,5.0,numeric,-2.1667,-3.0,-1.0,0.6872,,
44,foreign_worker,10.0,1,10,1.0,numeric,1.0,1.0,1.0,0.0,,
44,housing,20.0,2,10,2.0,numeric,-1.0,-1.0,-1.0,0.0,,
44,installment_rate,70.0,7,10,2.0,numeric,1.2857,-1.0,2.0,1.0302,,
44,job,20.0,2,10,3.0,numeric,0.0,-1.0,1.0,1.0,,
44,number_credits,20.0,2,10,1.0,numeric,1.0,1.0,1.0,0.0,,
44,other_debtors,20.0,2,10,1.0,numeric,1.0,1.0,1.0,0.0,,
44,other_installment_plans,90.0,9,10,1.0,numeric,2.0,2.0,2.0,0.0,,
44,people_liable,40.0,4,10,2.0,numeric,-1.0,-1.0,-1.0,0.0,,
44,present_residence,70.0,7,10,2.0,numeric,1.2857,-1.0,2.0,1.0302,,
44,property,80.0,8,10,2.0,numeric,-0.25,-1.0,1.0,0.9682,,
44,purpose,90.0,9,10,3.0,numeric,-0.7778,-2.0,1.0,1.3147,,
44,savings,50.0,5,10,1.0,numeric,1.8,1.0,4.0,1.1662,,
44,status,60.0,6,10,1.0,numeric,2.6667,1.0,3.0,0.7454,,
44,telephone,30.0,3,10,1.0,numeric,1.0,1.0,1.0,0.0,,
45,amount,90.0,9,10,8386.0,numeric,-328.5556,-914.0,891.0,612.6654,,
45,credit_history,90.0,9,10,5.0,numeric,-1.8889,-3.0,-1.0,0.737,,
45,duration,80.0,8,10,30.0,numeric,0.5,-18.0,18.0,10.1858,,
45,employment_duration,80.0,8,10,4.0,numeric,-2.125,-3.0,-1.0,0.7806,,
45,foreign_worker,10.0,1,10,1.0,numeric,1.0,1.0,1.0,0.0,,
45,housing,50.0,5,10,2.0,numeric,-0.2,-1.0,1.0,0.9798,,
45,installment_rate,60.0,6,10,2.0,numeric,0.6667,-1.0,2.0,1.2472,,
45,job,40.0,4,10,3.0,numeric,0.25,-2.0,1.0,1.299,,
45,number_credits,20.0,2,10,1.0,numeric,1.0,1.0,1.0,0.0,,
45,other_debtors,10.0,1,10,1.0,numeric,2.0,2.0,2.0,0.0,,
45,other_installment_plans,30.0,3,10,3.0,numeric,-1.6667,-2.0,-1.0,0.4714,,
45,people_liable,30.0,3,10,1.0,numeric,1.0,1.0,1.0,0.0,,
45,present_residence,50.0,5,10,2.0,numeric,1.4,-1.0,2.0,1.2,,
45,property,70.0,7,10,2.0,numeric,0.4286,-1.0,2.0,1.2936,,
45,purpose,80.0,8,10,3.0,numeric,0.75,-2.0,7.0,3.3448,,
45,savings,80.0,8,10,1.0,numeric,3.625,1.0,4.0,0.9922,,
45,status,70.0,7,10,2.0,numeric,1.1429,-1.0,2.0,1.3553,,
45,telephone,70.0,7,10,1.0,numeric,1.0,1.0,1.0,0.0,,
46,amount,90.0,9,10,2406.0,numeric,19.1111,-127.0,122.0,85.7988,,
46,credit_history,30.0,3,10,3.0,numeric,1.6667,1.0,2.0,0.4714,,
46,duration,80.0,8,10,30.0,numeric,-10.125,-18.0,-3.0,5.5999,,
46,employment_duration,80.0,8,10,4.0,numeric,-1.0,-3.0,1.0,1.3229,,
46,foreign_worker,0.0,0,10,1.0,categorical,,,,,{},
46,housing,80.0,8,10,1.0,numeric,1.125,1.0,2.0,0.3307,,
46,installment_rate,30.0,3,10,4.0,numeric,-2.0,-2.0,-2.0,0.0,,
46,job,30.0,3,10,3.0,numeric,0.3333,-1.0,1.0,0.9428,,
46,number_credits,30.0,3,10,1.0,numeric,1.0,1.0,1.0,0.0,,
46,other_debtors,0.0,0,10,1.0,categorical,,,,,{},
46,other_installment_plans,10.0,1,10,3.0,numeric,-2.0,-2.0,-2.0,0.0,,
46,people_liable,10.0,1,10,1.0,numeric,1.0,1.0,1.0,0.0,,
46,present_residence,60.0,6,10,4.0,numeric,-1.8333,-3.0,-1.0,0.6872,,
46,property,70.0,7,10,1.0,numeric,1.7143,1.0,3.0,0.6999,,
46,purpose,80.0,8,10,3.0,numeric,0.75,-2.0,6.0,2.2776,,
46,savings,60.0,6,10,1.0,numeric,2.8333,1.0,4.0,1.2134,,
46,status,80.0,8,10,1.0,numeric,2.5,1.0,3.0,0.866,,
46,telephone,50.0,5,10,1.0,numeric,1.0,1.0,1.0,0.0,,
47,amount,100.0,10,10,4308.0,numeric,-82.9,-359.0,222.0,173.394,,
47,credit_history,50.0,5,10,3.0,numeric,1.6,1.0,2.0,0.4899,,
47,duration,100.0,10,10,48.0,numeric,-21.7,-38.0,-12.0,8.1982,,
47,employment_duration,80.0,8,10,2.0,numeric,1.125,-1.0,3.0,1.0533,,
47,foreign_worker,0.0,0,10,1.0,categorical,,,,,{},
47,housing,80.0,8,10,1.0,numeric,1.0,1.0,1.0,0.0,,
47,installment_rate,80.0,8,10,3.0,numeric,0.0,-2.0,1.0,1.3229,,
47,job,60.0,6,10,3.0,numeric,0.3333,-1.0,1.0,0.9428,,
47,number_credits,30.0,3,10,1.0,numeric,1.0,1.0,1.0,0.0,,
47,other_debtors,20.0,2,10,1.0,numeric,1.5,1.0,2.0,0.5,,
47,other_installment_plans,0.0,0,10,3.0,categorical,,,,,{},
47,people_liable,10.0,1,10,1.0,numeric,1.0,1.0,1.0,0.0,,
47,present_residence,70.0,7,10,4.0,numeric,-1.8571,-3.0,-1.0,0.6389,,
47,property,90.0,9,10,2.0,numeric,1.1111,1.0,2.0,0.3143,,
47,purpose,100.0,10,10,9.0,numeric,-6.4,-8.0,-5.0,1.2,,
47,savings,20.0,2,10,1.0,numeric,2.0,2.0,2.0,0.0,,
47,status,70.0,7,10,1.0,numeric,1.8571,1.0,3.0,0.833,,
47,telephone,30.0,3,10,1.0,numeric,1.0,1.0,1.0,0.0,,
48,amount,90.0,9,10,2039.0,numeric,-10.3333,-141.0,142.0,109.8939,,
48,credit_history,50.0,5,10,3.0,numeric,1.8,1.0,2.0,0.4,,
48,duration,70.0,7,10,24.0,numeric,-9.0,-18.0,6.0,7.3485,,
48,employment_duration,80.0,8,10,2.0,numeric,1.5,1.0,3.0,0.866,,
48,foreign_worker,0.0,0,10,1.0,categorical,,,,,{},
48,housing,20.0,2,10,2.0,numeric,-1.0,-1.0,-1.0,0.0,,
48,installment_rate,80.0,8,10,1.0,numeric,2.25,1.0,3.0,0.9682,,
48,job,30.0,3,10,3.0,numeric,-1.0,-1.0,-1.0,0.0,,
48,number_credits,40.0,4,10,1.0,numeric,1.25,1.0,2.0,0.433,,
48,other_debtors,0.0,0,10,1.0,categorical,,,,,{},
48,other_installment_plans,0.0,0,10,3.0,categorical,,,,,{},
48,people_liable,30.0,3,10,1.0,numeric,1.0,1.0,1.0,0.0,,
48,present_residence,90.0,9,10,1.0,numeric,1.7778,1.0,3.0,0.9162,,
48,property,80.0,8,10,2.0,numeric,-0.75,-1.0,1.0,0.6614,,
48,purpose,60.0,6,10,4.0,numeric,-0.6667,-3.0,5.0,2.6874,,
48,savings,30.0,3,10,1.0,numeric,4.0,4.0,4.0,0.0,,
48,status,60.0,6,10,2.0,numeric,0.8333,-1.0,2.0,1.3437,,
48,telephone,70.0,7,10,2.0,numeric,-1.0,-1.0,-1.0,0.0,,
49,amount,100.0,10,10,727.0,numeric,146.9,-118.0,380.0,167.0452,,
49,credit_history,30.0,3,10,3.0,numeric,2.0,2.0,2.0,0.0,,
49,duration,30.0,3,10,12.0,numeric,0.0,-6.0,12.0,8.4853,,
49,employment_duration,100.0,10,10,2.0,numeric,1.9,1.0,3.0,0.8307,,
49,foreign_worker,10.0,1,10,1.0,numeric,1.0,1.0,1.0,0.0,,
49,housing,10.0,1,10,2.0,numeric,-1.0,-1.0,-1.0,0.0,,
49,installment_rate,20.0,2,10,4.0,numeric,-2.5,-3.0,-2.0,0.5,,
49,job,80.0,8,10,2.0,numeric,1.125,1.0,2.0,0.3307,,
49,number_credits,40.0,4,10,1.0,numeric,1.0,1.0,1.0,0.0,,
49,other_debtors,10.0,1,10,1.0,numeric,2.0,2.0,2.0,0.0,,
49,other_installment_plans,20.0,2,10,3.0,numeric,-1.5,-2.0,-1.0,0.5,,
49,people_liable,20.0,2,10,1.0,numeric,1.0,1.0,1.0,0.0,,
49,present_residence,80.0,8,10,3.0,numeric,-0.25,-2.0,1.0,1.299,,
49,property,90.0,9,10,4.0,numeric,-2.1111,-3.0,-1.0,0.8749,,
49,purpose,50.0,5,10,4.0,numeric,-1.4,-3.0,3.0,2.3324,,
49,savings,90.0,9,10,2.0,numeric,0.4444,-1.0,3.0,1.7069,,
49,status,60.0,6,10,1.0,numeric,2.0,1.0,3.0,1.0,,
49,telephone,60.0,6,10,2.0,numeric,-1.0,-1.0,-1.0,0.0,,
50,amount,90.0,9,10,2528.0,numeric,-10.2222,-122.0,134.0,86.2165,,
50,credit_history,20.0,2,10,3.0,numeric,2.0,2.0,2.0,0.0,,
50,duration,80.0,8,10,27.0,numeric,-9.375,-21.0,3.0,7.1052,,
50,employment_duration,70.0,7,10,2.0,numeric,1.7143,1.0,3.0,0.6999,,
50,foreign_worker,10.0,1,10,1.0,numeric,1.0,1.0,1.0,0.0,,
50,housing,30.0,3,10,2.0,numeric,-1.0,-1.0,-1.0,0.0,,
50,installment_rate,30.0,3,10,4.0,numeric,-2.0,-2.0,-2.0,0.0,,
50,job,30.0,3,10,3.0,numeric,-0.3333,-1.0,1.0,0.9428,,
50,number_credits,20.0,2,10,1.0,numeric,1.0,1.0,1.0,0.0,,
50,other_debtors,0.0,0,10,1.0,categorical,,,,,{},
50,other_installment_plans,0.0,0,10,3.0,categorical,,,,,{},
50,people_liable,70.0,7,10,2.0,numeric,-1.0,-1.0,-1.0,0.0,,
50,present_residence,80.0,8,10,1.0,numeric,2.125,1.0,3.0,0.7806,,
50,property,60.0,6,10,2.0,numeric,-0.3333,-1.0,1.0,0.9428,,
50,purpose,90.0,9,10,9.0,numeric,-6.6667,-8.0,-5.0,1.1547,,
50,savings,60.0,6,10,1.0,numeric,2.8333,1.0,4.0,1.2134,,
50,status,80.0,8,10,2.0,numeric,0.5,-1.0,2.0,1.5,,
50,telephone,60.0,6,10,2.0,numeric,-1.0,-1.0,-1.0,0.0,,
51,amount,100.0,10,10,2746.0,numeric,21.5,-99.0,146.0,86.6582,,
51,credit_history,100.0,10,10,2.0,numeric,1.6,1.0,3.0,0.9165,,
51,duration,80.0,8,10,36.0,numeric,-20.5,-30.0,-12.0,7.3144,,
51,employment_duration,50.0,5,10,5.0,numeric,-2.0,-3.0,-1.0,0.6325,,
51,foreign_worker,10.0,1,10,1.0,numeric,1.0,1.0,1.0,0.0,,
51,housing,30.0,3,10,2.0,numeric,-0.3333,-1.0,1.0,0.9428,,
51,installment_rate,70.0,7,10,4.0,numeric,-1.7143,-3.0,-1.0,0.6999,,
51,job,10.0,1,10,3.0,numeric,1.0,1.0,1.0,0.0,,
51,number_credits,20.0,2,10,1.0,numeric,1.0,1.0,1.0,0.0,,
51,other_debtors,20.0,2,10,1.0,numeric,1.0,1.0,1.0,0.0,,
51,other_installment_plans,90.0,9,10,1.0,numeric,2.0,2.0,2.0,0.0,,
51,people_liable,50.0,5,10,1.0,numeric,1.0,1.0,1.0,0.0,,
51,present_residence,50.0,5,10,4.0,numeric,-1.6,-2.0,-1.0,0.4899,,
51,property,70.0,7,10,3.0,numeric,-1.2857,-2.0,1.0,1.0302,,
51,purpose,80.0,8,10,3.0,numeric,-0.625,-2.0,1.0,1.317,,
51,savings,50.0,5,10,1.0,numeric,1.8,1.0,4.0,1.1662,,
51,status,70.0,7,10,1.0,numeric,2.5714,1.0,3.0,0.7284,,
51,telephone,30.0,3,10,1.0,numeric,1.0,1.0,1.0,0.0,,
52,amount,90.0,9,10,1755.0,numeric,-1.8889,-100.0,132.0,73.8233,,
52,credit_history,30.0,3,10,3.0,numeric,2.0,2.0,2.0,0.0,,
52,duration,90.0,9,10,24.0,numeric,-10.0,-18.0,6.0,6.4807,,
52,employment_duration,80.0,8,10,5.0,numeric,-2.375,-4.0,-1.0,0.857,,
52,foreign_worker,0.0,0,10,1.0,categorical,,,,,{},
52,housing,20.0,2,10,2.0,numeric,-1.0,-1.0,-1.0,0.0,,
52,installment_rate,50.0,5,10,4.0,numeric,-1.8,-3.0,-1.0,0.7483,,
52,job,60.0,6,10,2.0,numeric,1.1667,1.0,2.0,0.3727,,
52,number_credits,30.0,3,10,1.0,numeric,1.0,1.0,1.0,0.0,,
52,other_debtors,90.0,9,10,3.0,numeric,-2.0,-2.0,-2.0,0.0,,
52,other_installment_plans,10.0,1,10,3.0,numeric,-2.0,-2.0,-2.0,0.0,,
52,people_liable,0.0,0,10,1.0,categorical,,,,,{},
52,present_residence,60.0,6,10,4.0,numeric,-2.0,-3.0,-1.0,0.5774,,
52,property,40.0,4,10,1.0,numeric,1.75,1.0,2.0,0.433,,
52,purpose,90.0,9,10,10.0,numeric,-6.3333,-9.0,-1.0,2.1082,,
52,savings,20.0,2,10,1.0,numeric,4.0,4.0,4.0,0.0,,
52,status,80.0,8,10,1.0,numeric,2.0,1.0,3.0,1.0,,
52,telephone,60.0,6,10,2.0,numeric,-1.0,-1.0,-1.0,0.0,,
53,amount,100.0,10,10,1207.0,numeric,9.5,-81.0,76.0,53.4458,,
53,credit_history,20.0,2,10,3.0,numeric,1.5,1.0,2.0,0.5,,
53,duration,90.0,9,10,24.0,numeric,-11.0,-18.0,-2.0,5.7349,,
53,employment_duration,90.0,9,10,2.0,numeric,1.6667,-1.0,3.0,1.5635,,
53,foreign_worker,0.0,0,10,1.0,categorical,,,,,{},
53,housing,70.0,7,10,1.0,numeric,1.1429,1.0,2.0,0.3499,,
53,installment_rate,50.0,5,10,4.0,numeric,-1.6,-2.0,-1.0,0.4899,,
53,job,50.0,5,10,3.0,numeric,0.2,-1.0,1.0,0.9798,,
53,number_credits,20.0,2,10,1.0,numeric,1.0,1.0,1.0,0.0,,
53,other_debtors,10.0,1,10,1.0,numeric,2.0,2.0,2.0,0.0,,
53,other_installment_plans,20.0,2,10,3.0,numeric,-2.0,-2.0,-2.0,0.0,,
53,people_liable,30.0,3,10,1.0,numeric,1.0,1.0,1.0,0.0,,
53,present_residence,30.0,3,10,4.0,numeric,-2.0,-3.0,-1.0,0.8165,,
53,property,50.0,5,10,2.0,numeric,0.0,-1.0,2.0,1.2649,,
53,purpose,80.0,8,10,1.0,numeric,5.25,2.0,9.0,2.8174,,
53,savings,40.0,4,10,1.0,numeric,4.0,4.0,4.0,0.0,,
53,status,70.0,7,10,1.0,numeric,2.1429,1.0,3.0,0.9897,,
53,telephone,60.0,6,10,1.0,numeric,1.0,1.0,1.0,0.0,,
54,amount,90.0,9,10,1987.0,numeric,-19.5556,-127.0,134.0,93.6579,,
54,credit_history,50.0,5,10,3.0,numeric,2.0,2.0,2.0,0.0,,
54,duration,70.0,7,10,24.0,numeric,-11.5714,-18.0,-6.0,4.0658,,
54,employment_duration,40.0,4,10,3.0,numeric,-0.5,-2.0,2.0,1.5,,
54,foreign_worker,0.0,0,10,1.0,categorical,,,,,{},
54,housing,80.0,8,10,1.0,numeric,1.0,1.0,1.0,0.0,,
54,installment_rate,70.0,7,10,2.0,numeric,1.1429,-1.0,2.0,1.3553,,
54,job,70.0,7,10,2.0,numeric,1.1429,1.0,2.0,0.3499,,
54,number_credits,50.0,5,10,1.0,numeric,1.2,1.0,2.0,0.4,,
54,other_debtors,0.0,0,10,1.0,categorical,,,,,{},
54,other_installment_plans,10.0,1,10,3.0,numeric,-2.0,-2.0,-2.0,0.0,,
54,people_liable,70.0,7,10,2.0,numeric,-1.0,-1.0,-1.0,0.0,,
54,present_residence,70.0,7,10,4.0,numeric,-2.0,-3.0,-1.0,0.5345,,
54,property,30.0,3,10,1.0,numeric,1.3333,1.0,2.0,0.4714,,
54,purpose,60.0,6,10,4.0,numeric,-0.5,-3.0,5.0,2.5658,,
54,savings,30.0,3,10,1.0,numeric,4.0,4.0,4.0,0.0,,
54,status,80.0,8,10,1.0,numeric,1.625,1.0,3.0,0.857,,
54,telephone,30.0,3,10,1.0,numeric,1.0,1.0,1.0,0.0,,
